INSERT INTO FUENTESSODA VALUES (0001, 'LA MONTANA');
INSERT INTO FUENTESSODA VALUES (0002, 'CREMA PARAISO');
INSERT INTO FUENTESSODA VALUES (0003, 'LA CATOLICA');
INSERT INTO FUENTESSODA VALUES (0004, 'AMPER');
INSERT INTO FUENTESSODA VALUES (0005, 'UCV');
INSERT INTO FUENTESSODA VALUES (0006, 'CATEDRAL');
INSERT INTO FUENTESSODA VALUES (0007, 'METROPOLITANA');

INSERT INTO BEBIDAS VALUES ('MALT','MALTA');
INSERT INTO BEBIDAS VALUES ('COCC', 'COCA COLA');
INSERT INTO BEBIDAS VALUES ('FRES', 'FRESCOLITA');
INSERT INTO BEBIDAS VALUES ('SEVE', 'SEVEN UP');
INSERT INTO BEBIDAS VALUES ('CAF1', 'CAFE NEGRO');
INSERT INTO BEBIDAS VALUES ('CAF2', 'CAFE MARRON');
INSERT INTO BEBIDAS VALUES ('CAF3', 'CAFE CON LECHE');
INSERT INTO BEBIDAS VALUES ('NARJ', 'JUGO DE NARANJA');
INSERT INTO BEBIDAS VALUES ('MELN', 'JUGO DE MELON');
INSERT INTO BEBIDAS VALUES ('LECH', 'JUGO DE LECHOZA');
INSERT INTO BEBIDAS VALUES ('MILK','LECHE');
INSERT INTO BEBIDAS VALUES ('WATR','AGUA');
INSERT INTO BEBIDAS VALUES ('CAF4','GUAYOYO');

INSERT INTO BEBEDOR VALUES ('V-12847382', 'Luis Perez');
INSERT INTO BEBEDOR VALUES ('V-23948585', 'Jaidibeth Melo');
INSERT INTO BEBEDOR VALUES ('V-18283959', 'Fabiana Regio');
INSERT INTO BEBEDOR VALUES ('V-18293943', 'Daniela Hernandez');
INSERT INTO BEBEDOR VALUES ('V-18712741', 'Julio De Abreu');
INSERT INTO BEBEDOR VALUES ('V-18394950', 'Cecilia Pereira');
INSERT INTO BEBEDOR VALUES ('V-17374969', 'Alejandro Tarazona');
INSERT INTO BEBEDOR VALUES ('V-15293404', 'Ricardo Monascal');
INSERT INTO BEBEDOR VALUES ('V-16493828', 'Jorge Palacios');
INSERT INTO BEBEDOR VALUES ('V-18796849', 'Genesis De Abreu');
INSERT INTO BEBEDOR VALUES ('V-19383859', 'Juliet De Abreu');
INSERT INTO BEBEDOR VALUES ('V-06091806', 'Zoraida Molina');
INSERT INTO BEBEDOR VALUES ('V-06360475', 'Julio De Abreu R');
INSERT INTO BEBEDOR VALUES ('V-18273647', 'Alejandro Rodriguez');
INSERT INTO BEBEDOR VALUES ('V-18728384', 'Roberto Omana');
INSERT INTO BEBEDOR VALUES ('V-18374754', 'Angel Hualde');

INSERT INTO GUSTA VALUES ('V-12847382','CAF3');
INSERT INTO GUSTA VALUES ('V-12847382','FRES');
INSERT INTO GUSTA VALUES ('V-12847382','NARJ');
INSERT INTO GUSTA VALUES ('V-12847382','MALT');
INSERT INTO GUSTA VALUES ('V-12847382','CAF1');
INSERT INTO GUSTA VALUES ('V-23948585','NARJ');
INSERT INTO GUSTA VALUES ('V-23948585','MALT');
INSERT INTO GUSTA VALUES ('V-23948585','CAF1');
INSERT INTO GUSTA VALUES ('V-23948585', 'LECH');
INSERT INTO GUSTA VALUES ('V-23948585','WATR');
INSERT INTO GUSTA VALUES ('V-23948585','SEVE');
INSERT INTO GUSTA VALUES ('V-18283959','SEVE');
INSERT INTO GUSTA VALUES ('V-18283959', 'COCC');
INSERT INTO GUSTA VALUES ('V-18283959', 'MELN');
INSERT INTO GUSTA VALUES ('V-18283959', 'CAF1');
INSERT INTO GUSTA VALUES ('V-18293943', 'CAF2');
INSERT INTO GUSTA VALUES ('V-18293943', 'COCC');
INSERT INTO GUSTA VALUES ('V-18293943', 'FRES');
INSERT INTO GUSTA VALUES ('V-18712741','COCC');
INSERT INTO GUSTA VALUES ('V-18712741','FRES');
INSERT INTO GUSTA VALUES ('V-18712741','NARJ');
INSERT INTO GUSTA VALUES ('V-18712741', 'SEVE');
INSERT INTO GUSTA VALUES ('V-18712741', 'CAF3');
INSERT INTO GUSTA VALUES ('V-18394950','FRES');
INSERT INTO GUSTA VALUES ('V-18394950', 'MALT');
INSERT INTO GUSTA VALUES ('V-18394950', 'COCC');
INSERT INTO GUSTA VALUES ('V-17374969', 'FRES');
INSERT INTO GUSTA VALUES ('V-17374969','CAF1');
INSERT INTO GUSTA VALUES ('V-17374969', 'CAF3');
INSERT INTO GUSTA VALUES ('V-15293404', 'MALT');
INSERT INTO GUSTA VALUES ('V-15293404','SEVE');
INSERT INTO GUSTA VALUES ('V-15293404', 'MILK');
INSERT INTO GUSTA VALUES ('V-16493828', 'COCC');
INSERT INTO GUSTA VALUES ('V-16493828', 'MALT');
INSERT INTO GUSTA VALUES ('V-16493828', 'LECH');
INSERT INTO GUSTA VALUES ('V-16493828', 'CAF2');
INSERT INTO GUSTA VALUES ('V-16493828','NARJ');
INSERT INTO GUSTA VALUES ('V-18796849','MALT');
INSERT INTO GUSTA VALUES ('V-18796849', 'COCC');
INSERT INTO GUSTA VALUES ('V-18796849', 'FRES');
INSERT INTO GUSTA VALUES ('V-18796849', 'NARJ');
INSERT INTO GUSTA VALUES ('V-19383859', 'CAF1');
INSERT INTO GUSTA VALUES ('V-19383859', 'MALT');
INSERT INTO GUSTA VALUES ('V-06091806', 'NARJ');
INSERT INTO GUSTA VALUES ('V-06091806', 'COCC');
INSERT INTO GUSTA VALUES ('V-06091806', 'FRES');
INSERT INTO GUSTA VALUES ('V-06091806', 'MALT');
INSERT INTO GUSTA VALUES ('V-06360475', 'COCC');
INSERT INTO GUSTA VALUES ('V-18728384', 'COCC');

INSERT INTO FRECUENTA VALUES ('V-12847382',0001);
INSERT INTO FRECUENTA VALUES ('V-12847382',0002);
INSERT INTO FRECUENTA VALUES ('V-12847382',0003);
INSERT INTO FRECUENTA VALUES ('V-12847382',0006);
INSERT INTO FRECUENTA VALUES ('V-23948585',0001);
INSERT INTO FRECUENTA VALUES ('V-23948585',0004);
INSERT INTO FRECUENTA VALUES ('V-23948585',0005);
INSERT INTO FRECUENTA VALUES ('V-18712741',0004);
INSERT INTO FRECUENTA VALUES ('V-17374969',0005);
INSERT INTO FRECUENTA VALUES ('V-17374969',0004);
INSERT INTO FRECUENTA VALUES ('V-17374969',0006);
INSERT INTO FRECUENTA VALUES ('V-15293404',0001);
INSERT INTO FRECUENTA VALUES ('V-15293404',0002);
INSERT INTO FRECUENTA VALUES ('V-15293404',0003);
INSERT INTO FRECUENTA VALUES ('V-15293404',0004);
INSERT INTO FRECUENTA VALUES ('V-19383859',0007);
INSERT INTO FRECUENTA VALUES ('V-06360475',0006);
INSERT INTO FRECUENTA VALUES ('V-18273647',0004);
INSERT INTO FRECUENTA VALUES ('V-18273647',0003);
INSERT INTO FRECUENTA VALUES ('V-18273647',0001);
INSERT INTO FRECUENTA VALUES ('V-18728384',0001);
INSERT INTO FRECUENTA VALUES ('V-18728384',0004);
INSERT INTO FRECUENTA VALUES ('V-18374754',0004);

INSERT INTO VENDE VALUES (0001, 'MALT',9900.00);
INSERT INTO VENDE VALUES (0002, 'MALT',9900.00);
INSERT INTO VENDE VALUES (0003, 'MALT',9900.00);
INSERT INTO VENDE VALUES (0004, 'MALT',9900.00);
INSERT INTO VENDE VALUES (0005, 'MALT',9900.00);
INSERT INTO VENDE VALUES (0006, 'MALT',9900.00);
INSERT INTO VENDE VALUES (0007, 'MALT',9900.00);
INSERT INTO VENDE VALUES (0001, 'COCC',8000.00);
INSERT INTO VENDE VALUES (0003, 'COCC',8000.00);
INSERT INTO VENDE VALUES (0005, 'COCC',8000.00);
INSERT INTO VENDE VALUES (0007, 'COCC',8000.00);
INSERT INTO VENDE VALUES (0001, 'FRES',8000.00);
INSERT INTO VENDE VALUES (0002, 'FRES',8000.00);
INSERT INTO VENDE VALUES (0004, 'FRES',8000.00);
INSERT INTO VENDE VALUES (0006, 'FRES',8000.00);
INSERT INTO VENDE VALUES (0001, 'SEVE',8000.00);
INSERT INTO VENDE VALUES (0002, 'SEVE',8000.00);
INSERT INTO VENDE VALUES (0005, 'SEVE',8000.00);
INSERT INTO VENDE VALUES (0006, 'SEVE',8000.00);
INSERT INTO VENDE VALUES (0004, 'SEVE',8000.00);
INSERT INTO VENDE VALUES (0001, 'NARJ',9900.00);
INSERT INTO VENDE VALUES (0002, 'NARJ',9900.00);
INSERT INTO VENDE VALUES (0003, 'NARJ',9900.00);
INSERT INTO VENDE VALUES (0004, 'NARJ',9900.00);
INSERT INTO VENDE VALUES (0005, 'NARJ',9900.00);
INSERT INTO VENDE VALUES (0006, 'NARJ',9900.00);
INSERT INTO VENDE VALUES (0007, 'NARJ',9900.00);
INSERT INTO VENDE VALUES (0001,'CAF1',9000.00);
INSERT INTO VENDE VALUES (0003,'CAF1',9000.00);
INSERT INTO VENDE VALUES (0002,'CAF2',9000.00);
INSERT INTO VENDE VALUES (0004,'CAF2',9000.00);
INSERT INTO VENDE VALUES (0003, 'CAF3',9000.00);
INSERT INTO VENDE VALUES (0005, 'CAF3',9000.00);
INSERT INTO VENDE VALUES (0001, 'MELN',7500.00);
INSERT INTO VENDE VALUES (0002, 'MELN',7500.00);
INSERT INTO VENDE VALUES (0003, 'MELN',7500.00);
INSERT INTO VENDE VALUES (0005, 'MELN',7500.00);
INSERT INTO VENDE VALUES (0001, 'LECH',6000.00);
INSERT INTO VENDE VALUES (0001, 'MILK',7500.00);
INSERT INTO VENDE VALUES (0002, 'MILK',7500.00);
INSERT INTO VENDE VALUES (0003, 'MILK',7500.00);
INSERT INTO VENDE VALUES (0004, 'MILK',7500.00);
INSERT INTO VENDE VALUES (0005, 'MILK',7500.00);
INSERT INTO VENDE VALUES (0001, 'WATR',5000.00);
INSERT INTO VENDE VALUES (0002, 'WATR',5000.00);
INSERT INTO VENDE VALUES (0003, 'WATR',5000.00);
INSERT INTO VENDE VALUES (0004, 'WATR',5000.00);
INSERT INTO VENDE VALUES (0005, 'WATR',5000.00);
INSERT INTO VENDE VALUES (0006, 'WATR',5000.00);
INSERT INTO VENDE VALUES (0007, 'WATR',5000.00);
INSERT INTO VENDE VALUES (0007,'CAF4',9000.00);
INSERT INTO VENDE VALUES (0002,'CAF4',9000.00);
